subreddit,late_comments,total_comments,url,title
worldnews,9,128,http://www.independent.co.uk/news/world/europe/finland-universal-basic-income-pilot-ubi-560-euros-a-month-helsinki-poverty-unemployment-a7506696.html,"Finland becomes the first country in Europe to pay its unemployed citizens a basic monthly income, in a radical pilot project: Two thousand people will receive 560 euros every month for two years, without having to report whether they are seeking employment or how they are spending the money"
unitedkingdom,6,48,https://www.theguardian.com/commentisfree/2017/jan/12/universal-basic-income-finland-uk?CMP=twt_gu,Universal basic income is becoming an urgent necessity
worldnews,8,46,http://uk.reuters.com/article/uk-finland-basicincome-idUKKBN1521LD,"Finland pilots radical basic income idea despite feasibility doubts:Group of unemployed Finns have just become the first Europeans to enjoy a guaranteed basic income; from January a monthly pay check has begun arriving from the state, regardless of whether they find work or sit at home on the couch."
Futurology,3,46,http://www.dcvelocity.com/articles/20170103-autonomous-heavy-duty-trucks-threaten-jobs-of-nearly-17-million-drivers-white-house-says/,"Autonomous heavy-duty trucks threaten jobs of nearly 1.7 million drivers, White House says"
belgium,4,46,http://www.standaard.be/cnt/dmf20170124_02691990,60% of people in Flanders are in favour of a universal basic income
worldnews,0,45,http://www.independent.co.uk/life-style/gadgets-and-tech/universal-basic-income-robots-eu-meps-unemployment-mady-delvaux-stehres-european-parliament-a7527661.html?cmpid=facebook-post,"EU universal income must be 'seriously considered' as rise of robots threatens mass unemployment, say MEPs"
worldnews,5,44,http://money.cnn.com/2017/01/02/news/economy/finland-universal-basic-income/index.html,"Finland is giving 2,000 citizens a guaranteed income"
pics,1,42,http://i.imgur.com/EG0LpE4.jpg,"""Buy American and hire American"" President Trump"
Futurology,1,37,https://www.recode.net/2017/1/21/14346508/barack-obama-tech-jobs-automation-labor-pod-save-america-transcript,Barack Obama says Democrats need to get smarter about tech taking jobs
news,1,36,http://www.freep.com/story/money/cars/ford/2017/01/03/ford-make-important-company-announcement-mobility-today/96102086/,"Ford Cancels Plan to Build Plant in Mexico, Will Invest in Michigan"
