subreddit,late_comments,total_comments,url,title
Futurology,18,263,https://youtu.be/e6HPdNBicM8,Elon Musk says Universal Basic Income is “going to be necessary.”
technology,0,146,http://www.cnbc.com/2017/02/20/mark-cuban-robots-unemployment-and-we-need-to-prepare-for-it.html,Mark Cuban: Robots will ‘cause unemployment and we need to prepare for it’
canada,20,143,http://basicincome.org/news/2017/02/canada-10000-people-signed-support-basic-income/,"CANADA: Over 10,000 people have signed to support Basic Income | Basic Income News"
Futurology,1,123,http://www.zmescience.com/other/economics/china-factory-robots-03022017/,"Chinese factory replaces 90% of human workers with robots. Production rises by 250%, defects drop by 80%"
Futurology,4,108,http://mashable.com/2017/02/09/ebay-founder-universal-basic-income/#rttETaJ3rmqG,"Ebay founder backs universal basic income test with $500,000 pledge - ""The idea of a universal basic income has found growing support in Silicon Valley as robots threaten to radically change the nature of work."""
worldnews,6,96,https://qz.com/914247/canada-is-betting-on-a-universal-basic-income-to-help-cities-gutted-by-manufacturing-job-loss/,Ontario will test a universal basic income in three cities in 2017
IAmA,0,89,https://www.reddit.com/r/IAmA/comments/5whpqs/im_bill_gates_cochair_of_the_bill_melinda_gates/,"I’m Bill Gates, co-chair of the Bill &amp; Melinda Gates Foundation. Ask Me Anything."
The_Donald,1,72,https://i.reddituploads.com/1e9dbd68b3844193ba86b780ee8cf630?fit=max&amp;h=1536&amp;w=1536&amp;s=f2812967473f60115c0f080eb05a13ec,"The result of the ""fight for $15"" at my new local McDonalds"
Futurology,1,71,https://www.youtube.com/watch?v=nccryZOcrUg,Bill Gates: the robot that takes your job should pay taxes
explainlikeimfive,3,65,https://www.reddit.com/r/explainlikeimfive/comments/5s5gfd/eli5_why_is_automaton_suddenly_a_big_deal_hasnt/,ELI5: Why is automaton suddenly a big deal? Hasn't it already been happening for a long time? What's different now?
