subreddit,late_comments,total_comments,url,title
Futurology,1,77,http://economicalmillennial.com/millennials-may-be-the-first-generation-to-lose-a-majority-of-their-jobs-to-automation/,Millennials May Be the First Generation to Lose a Majority of their Jobs to Automation.
canada,0,47,http://ottawacitizen.com/opinion/columnists/caron-its-time-for-a-basic-income-to-truly-help-all-canadians,Caron: It’s time for a basic income to truly help all Canadians
Futurology,1,47,http://www.cnbc.com/2017/03/18/china-development-forum-bill-gates-wants-to-tax-robots-but-abb-group-ceo-ulrich-spiesshofer-says-otherwise.html,"Bill Gates wants to tax robots, but one robot maker says that's 'as intelligent' as taxing software - ""They are both productivity tools. You should not tax the tools, you should tax the outcome that's coming."""
technology,0,46,https://www.theguardian.com/technology/2017/mar/02/robot-tax-job-elimination-livable-wage,"Robots won't just take our jobs – they'll make the rich even richer: ""Robotics and artificial intelligence will continue to improve – but without political change such as a tax, the outcome will range from bad to apocalyptic"""
PoliticalDiscussion,5,42,https://www.reddit.com/r/PoliticalDiscussion/comments/60olfn/should_the_universal_basic_income_be_implemented/,Should the Universal Basic Income be implemented in the United States?
canada,2,39,https://thetyee.ca/Opinion/2017/03/02/Guaranteed-Basic-Income-Canada/,Guaranteed Basic Income on Verge of Take-off in Canada
Futurology,3,35,http://60secondstatistics.com/automation-could-cause-america-to-lose-35-of-its-tax-base-in-the-next-20-years/,Automation Could Cause America to Lose 35% of its Tax Base in the Next 20 Years
Futurology,1,31,https://www.theguardian.com/technology/2017/mar/02/robot-tax-job-elimination-livable-wage,"Robots won't just take our jobs – they'll make the rich even richer: ""Robotics and artificial intelligence will continue to improve – but without political change such as a tax, the outcome will range from bad to apocalyptic"""
AskReddit,4,29,https://www.reddit.com/r/AskReddit/comments/61cp91/how_do_you_feel_about_universal_basic_income/,How do you feel about Universal Basic Income?
Futurology,2,29,http://www.cnbc.com/2017/03/07/commerce-secretary-wilbur-ross-on-job-automation-robotics-and-taxes.html,"Commerce Secretary Wilbur Ross: If we don't use robots, everyone else will - ""The right solution is to properly equip the American workforce, not to try to hold back technology"""
