subreddit,late_comments,total_comments,url,title
politics,3,88,http://www.businessinsider.com/basic-income-ted-standing-ovation-2017-4,Universal basic income — a system of wealth distribution that involves giving people a monthly wage just for being alive — just got a standing ovation at this year's TED conference.
canada,1,67,http://www.cbc.ca/news/canada/british-columbia/bring-basic-income-to-bc-says-hugh-segal-1.4065177,"Bring basic income to B.C., says politician behind Ontario pilot project"
worldpolitics,0,66,http://thenewdaily.com.au/money/work/2017/04/02/universal-basic-income/,"Universal Basic Income, the idea that every citizen be granted a regular unconditional base wage, is rapidly pushing itself into mainstream politics. It’s high time we take it seriously."
worldnews,2,49,https://www.commondreams.org/news/2017/04/26/because-its-time-new-radical-ideas-ted-talk-universal-basic-income-gets-thunderous,"Because It's Time for 'New, Radical Ideas,' TED Talk on Universal Basic Income Gets Thunderous Applause: 'Just imagine how much talent we would unleash if we got rid of poverty once and for all,' said historian Rutger Bregman during talk"
ontario,3,48,http://www.theglobeandmail.com/news/national/three-ontario-cities-to-test-basic-income-in-three-year-pilot-project/article34795127/?click=sf_globefb,"Hamilton, Lindsay, and Thunder Bay chosen to test basic income in three-year pilot project"
CanadaPolitics,0,44,https://www.thestar.com/news/gta/2017/04/18/ontario-embraces-no-strings-attached-basic-income-experiment.html,Ontario embraces no-strings-attached basic income experiment | Toronto Star
CGPGrey,5,40,https://www.reddit.com/r/CGPGrey/comments/66agsp/ask_grey_a_question_4/,Ask Grey A Question #4
canada,4,38,http://www.theglobeandmail.com/news/national/three-ontario-cities-to-test-basic-income-in-three-year-pilot-project/article34795127/?reqid=64b8f03d-8ca3-4665-8f85-ca6d8ed9a9b3,"Ontario to roll out basic income pilot in three cities: Hamilton, Thunder Bay and Lindsay"
Political_Revolution,3,31,http://www.businessinsider.com/basic-income-ted-standing-ovation-2017-4,Universal basic income — a system of wealth distribution that involves giving people a monthly wage just for being alive — just got a standing ovation at this year's TED conference.
Hamilton,4,30,http://www.cbc.ca/news/canada/hamilton/wynne-announcement-hamilton-1.4082476,"Ontario basic income pilot project to launch in Hamilton, Lindsay and Thunder Bay"
