subreddit,late_comments,total_comments,url,title
u_fucked_my_shit_up,0,570,https://i.redd.it/wk5x4quctkyy.jpg,"If This Post Gets 1000 Comments, I WIll Fuck My Dog And Upload A Vid To Liveleak"
dataisbeautiful,2,224,https://daliaresearch.com/blog-31-of-europeans-want-basic-income-as-soon-as-possible/?utm_source=Dalia+Newsletter&amp;utm_campaign=ac5bab9bbf-EMAIL_CAMPAIGN_2017_04_21&amp;utm_medium=email&amp;utm_term=0_50a448b65b-ac5bab9bbf-428311357,31% of Europeans want basic income as soon as possible
Futurology,3,184,https://www.geek.com/tech-science-3/elon-musk-automation-will-force-universal-basic-income-1701217/,Elon Musk: Automation Will Force Universal Basic Income
technology,2,130,http://www.santacruzsentinel.com/social-affairs/20170520/tech-giants-elon-musk-sam-altman-push-universal-basic-income-concept,"Tech giants Elon Musk, Sam Altman push universal basic income concept"
technology,0,87,https://www.geek.com/tech-science-3/elon-musk-automation-will-force-universal-basic-income-1701217/,Elon Musk: Automation Will Force Universal Basic Income
Futurology,1,80,https://techcrunch.com/2017/05/25/watch-mark-zuckerberg-speech/,"Mark Zuckerberg: “it’s time for our generation to define a new social contract” | Zuckerberg suggested universal basic income, affordable childcare, flexible healthcare, prison reform, and continuous education as the ways to provide this equal opportunity."
changemyview,3,49,https://www.reddit.com/r/changemyview/comments/6c4r5y/cmv_ubi_seems_like_it_would_work/,CMV: UBI seems like it would work.
canada,1,48,http://www.nationalpost.com/m/wp/news/canada/canadian-politics/blog.html?b=news.nationalpost.com/news/canada/canadian-politics/majority-support-ontarios-basic-income-plan-but-many-find-17000-not-enough-poll,"Majority support Ontario’s basic income plan, but many find $17,000 not enough: poll"
Futurology,1,48,https://futurism.com/finland-has-finally-launched-its-universal-basic-income-experiment/,Finland Has Finally Launched Its Universal Basic Income Experiment
CanadaPolitics,5,47,http://news.nationalpost.com/news/canada/canadian-politics/majority-support-ontarios-basic-income-plan-but-many-find-17000-not-enough-poll,"Majority support Ontario’s basic income plan, but many find $17,000 not enough: poll"
