subreddit,late_comments,total_comments,url,title
worldnews,4,164,http://www.independent.co.uk/news/business/news/finland-universal-basic-income-lower-stress-better-motivation-work-wages-salary-a7800741.html?cmpid=facebook-post,Finnish citizens given universal basic income report lower stress levels and greater incentive to work
news,3,107,http://www.independent.co.uk/news/business/news/finland-universal-basic-income-lower-stress-better-motivation-work-wages-salary-a7800741.html,Finnish citizens given universal basic income report lower stress levels and greater incentive to work
Futurology,4,78,http://www.cnbc.com/2017/06/20/mcdonalds-hits-all-time-high-as-wall-street-cheers-replacement-of-cashiers-with-kiosks.html,McDonald's hits all-time high as Wall Street cheers replacement of cashiers with kiosks
canada,7,77,http://www.huffingtonpost.ca/2017/06/06/basic-income-canada_n_16971060.html,Basic Income Would Cost Canada $15 Billion Annually
videos,5,71,https://youtu.be/WSKi8HfcxEk,The Rise of the Machines – Why Automation is Different this Time
canada,1,68,http://globalnews.ca/news/3509763/what-do-canadians-think-of-basic-income-it-will-reduce-poverty-but-could-raise-taxes/,What do Canadians think of basic income? It will reduce poverty but could raise taxes
technology,0,61,https://www.geek.com/tech/400-burger-per-hour-robot-will-put-teenagers-out-of-work-1703546/,400 Burger Per Hour Robot Will Put Teenagers Out Of Work
Futurology,0,38,https://www.youtube.com/watch?v=yUYy1d3OqYY,Hawaii Unanimously Passes Bill Supporting Universal Basic Income - The Humanist Report
Futurology,5,35,https://motherboard.vice.com/en_us/article/vbgwax/canada-150-universal-basic-income-future-workplace-automation,"Universal Basic Income Is the Path to an Entirely New Economic System - ""Let the robots do the work, and let society enjoy the benefits of their unceasing productivity"""
politics,1,32,http://www.motherjones.com/kevin-drum/2017/06/15-minimum-wage-in-seattle-working-fine-so-far/,$15 Minimum Wage in Seattle Working Fine So Far
