subreddit,late_comments,total_comments,url,title
Futurology,5,125,https://www.thestreet.com/story/14239172/1/billionaire-mark-cuban-china-is-kicking-our-ass-with-artificial-intelligence.html,"Billionaire Mark Cuban: The Rise of Technology Will Cause a Lot of Unemployment - ""There's going to be a lot of unemployed people replaced with technology and if we don't start dealing with that now, we're going to have some real problems,"" said Cuban."
Futurology,2,111,http://www.businessinsider.de/mark-zuckerberg-universal-basic-income-alaska-2017-7?r=US&amp;IR=T,Mark Zuckerberg doubles down on universal basic income after a trip to Alaska
technology,7,93,https://qz.com/1034358/ubi-and-automation-could-be-the-symbiotic-solution-for-displaced-workers/,"Let the robots take our jobs and pay for a universal basic income - ""Companies will profit significantly from workforce automation, so the private sector will be able to afford shouldering this burden, while at the same time still making greater profits."""
news,1,53,http://www.msn.com/en-us/news/us/minimum-wage-set-to-drop-in-missouri/ar-BBDP27V?OCID=ansmsnnews11,St. Louis will drop minimum wage from $10 to $7.70.
AskReddit,18,40,https://www.reddit.com/r/AskReddit/comments/6p103x/what_is_an_unrealistic_expectation_people_with_a/,What is an unrealistic expectation people with a lot of money have of people who are not as well off financially?
politics,0,36,http://www.salon.com/2017/07/09/republicans-in-several-states-are-lowering-the-minimum-wage-yes-you-read-that-right/,"Republicans in several states are lowering the minimum wage — yes, you read that right"
BasicIncome,0,25,http://i.imgur.com/QsY5SVA.jpg,This should be the biggest argument for Basic Income.
politics,0,24,https://www.vox.com/policy-and-politics/2017/7/17/15364546/universal-basic-income-review-stern-murray-automation,A basic income really could end poverty forever
AdviceAnimals,0,23,http://i.imgur.com/f9LhF8L.png,I'm still tugging at those boot straps.
canada,0,21,https://careers.workopolis.com/advice/universal-basic-income-mean-job-seekers/,What universal basic income means for Canadian job seekers
