subreddit,late_comments,total_comments,url,title
Futurology,10,148,http://www.independent.co.uk/news/business/news/stewart-butterfield-universal-basic-income-silicon-valley-billionaire-slack-a7898446.html,"Silicon Valley billionaire Stewart Butterfield voices support for universal basic income - The founder of Slack joins illustrious company which includes Bill Gates, Elon Musk, and Mark Zuckerberg"
Futurology,4,96,http://www.ohchr.org/EN/Issues/Poverty/Pages/PressConferences.aspx,United Nations Human Rights discusses Universal Basic Income
AskReddit,4,68,https://www.reddit.com/r/AskReddit/comments/6s4skx/what_human_achievement_do_you_want_to_see_during/,What human achievement do you want to see during your lifetime?
politics,0,61,https://www.vox.com/policy-and-politics/2017/8/30/16220134/universal-basic-income-roosevelt-institute-economic-growth,Study: a universal basic income would grow the economy
gifs,0,32,https://gfycat.com/CommonGrippingBluetickcoonhound,Only reds allowed
worldnews,2,31,https://futurism.com/everything-you-ever-wanted-to-know-about-universal-basic-income/,Over half of the Finnish population supports a basic income
BasicIncome,2,30,https://www.reddit.com/r/BasicIncome/comments/6sryab/did_anyone_notice_the_rule_change_on/,Did anyone notice the rule change on /r/LateStageCapitalism? Basic Income posts now banned :/
Futurology,2,28,http://evolvepolitics.com/driverless-lorries-could-mean-600000-lost-jobs-its-time-we-took-a-universal-basic-income-seriously/,"Driverless lorries could mean 600,000 lost jobs. It’s time we took a universal basic income seriously."
Futurology,0,26,https://www.singularityarchive.com/indias-government-wants-ban-self-driving-cars-save-jobs/,"India’s Government Wants to Ban Self-Driving Cars to Save Jobs - “We won’t allow driverless cars in India,” said India’s minister of transport, Nitin Gadkari. “I am very clear on this. We won’t allow any technology that takes away jobs."""
AskReddit,1,24,https://www.reddit.com/r/AskReddit/comments/6rcx2u/if_you_could_quit_your_job_and_pursue_your_hobby/,"If you could quit your job and pursue your hobby full-time with financial security, what hobby would you pursue?"
