subreddit,late_comments,total_comments,url,title
Futurology,17,354,https://www.cnbc.com/2017/08/31/1000-per-month-cash-handout-would-grow-the-economy-by-2-point-5-trillion.html,"Giving every adult in the United States a $1,000 cash handout per month would grow the economy by $2.5 trillion by 2025, according to a new study on universal basic income."
Futurology,21,107,https://www.inverse.com/article/36277-sam-altman-basic-income-talk,"Tech Millionaire on Basic Income: Ending Poverty ""Moral Imperative"" - ""Everybody should be allowed to take a risk."""
worldnews,5,77,http://www.independent.co.uk/news/uk/home-news/universal-basic-income-benefits-unemployment-a7939551.html,Universal basic income: Half of Britons back plan to pay all UK citizens regardless of employment
politics,0,56,http://fortune.com/2017/09/03/universal-basic-income-economy-study/,Universal Basic Income Could Grow the U.S. Economy by an Extra 12.5%
Libertarian,3,40,http://i.imgur.com/GNkeNP5.jpg,"To those who think universal basic income can grow an economy, I would like to sell you this generator"
Futurology,12,39,https://www.cnbc.com/2017/09/21/silicon-valley-giant-y-combinator-to-branch-out-basic-income-trial.html,"Silicon Valley giant Y Combinator to give people varied amounts of cash in latest basic income trial - across two U.S. states, 1,000 will receive $1,000 per month for up to five years, while 2,000 will receive $50 a month for comparison"
news,0,34,http://www.zmescience.com/science/news-science/burger-robot-flipping-meat-0432432/,Burger-flipping robot will grill meat in 50 fast food restaurants
changemyview,1,30,https://www.reddit.com/r/changemyview/comments/71y3la/cmv_automation_leads_to_universal_basic_income/,CMV: Automation leads to Universal Basic Income
worldnews,0,28,http://99percentinvisible.org/episode/the-finnish-experiment/,Finland is testing out universal basic income on a nationwide basis. Participants report lower stress levels and an increased desire to find work.
Futurology,0,24,https://electrek.co/2017/09/06/tesla-semi-all-electric-truck-biggest-catalys/,"Tesla Semi could be ‘the biggest catalyst in trucking in decades’ and 70% cheaper to operate, says Morgan Stanley analyst"
