word,f0_
basic,1470
ubi,1217
bi,538
value,412
welfare,398
land,373
poverty,330
automation,329
^,294
children,288
benefits,286
inflation,271
hours,262
wealth,247
property,246
rent,240
increase,228
home,219
afford,218
benefit,218
worth,216
giving,209
profit,203
problems,198
lvt,195
wages,189
automated,189
prices,188
programs,183
taxation,180
capitalism,180
lower,178
looking,175
unemployment,174
fund,173
whatever,171
move,171
resources,168
robots,168
family,166
month,165
kids,163
thinking,163
form,161
week,161
order,161
ideas,159
price,157
housing,157
often,156
goods,155
itself,153
businesses,153
provide,151
program,150
raise,150
robot,148
solution,147
dont,147
certain,146
demand,146
employees,145
worse,144
net,144
cut,143
fair,143
ones,142
certainly,142
currency,141
10,141
replace,140
longer,140
expensive,138
especially,138
ways,137
rates,136
currently,134
extra,133
term,133
perhaps,132
lives,132
cannot,131
today,131
plan,131
cash,131
set,131
machines,130
choose,130
thanks,129
build,128
talk,128
interest,127
sort,126
let's,126
thus,126
cause,125
services,125
growth,125
homeless,124
productive,124
