word,f0_
ubi,1373
basic,1120
society,420
labor,416
market,348
economy,337
cost,315
wealth,308
welfare,303
human,300
value,295
food,295
today,280
economic,271
class,261
demand,260
automation,252
living,249
rich,249
poverty,249
wage,246
bi,245
amount,232
workers,226
capitalism,226
spend,226
robots,212
minimum,211
increase,210
growth,207
benefits,207
per,197
prices,196
higher,195
humans,194
buy,190
middle,188
land,186
production,185
low,184
rate,183
price,183
each,182
resources,180
spending,180
supply,179
create,179
costs,177
inflation,175
others,171
debt,167
future,163
programs,163
large,161
benefit,154
paying,153
home,152
property,149
provide,148
automated,148
due,148
housing,147
countries,147
wages,146
lower,146
unemployment,145
small,143
banks,142
giving,141
profit,138
unless,135
hours,135
productive,134
move,133
wealthy,130
interest,130
sell,130
children,127
order,126
data,125
control,124
ai,124
dollars,124
population,124
rates,123
dollar,123
build,123
created,123
cash,123
ownership,122
quite,122
term,121
technology,121
full,121
worth,120
companies,119
needed,118
rent,118
goes,117
extra,116
