word,f0_
ubi,1178
income,1070
land,942
basic,692
value,532
jobs,416
taxes,387
labor,385
wealth,369
society,341
economic,333
capital,333
market,306
lvt,278
cost,258
food,250
economy,243
inflation,241
amount,236
paying,230
paid,227
private,221
resources,218
rent,213
each,206
welfare,204
productive,203
social,201
workers,199
per,192
000,188
provide,186
create,184
production,182
property,178
become,178
living,177
automation,175
benefit,170
capitalism,169
control,169
demand,164
price,162
fund,161
human,159
wealthy,158
example,155
buy,154
simply,152
current,151
benefits,150
higher,150
net,150
wage,147
costs,147
increase,145
small,145
future,143
prices,143
level,142
productivity,142
universal,140
rate,139
ownership,138
large,137
supply,133
hours,132
theory,131
poverty,130
today,130
access,127
due,125
giving,125
created,122
spend,116
profit,115
sell,114
works,114
share,113
owners,113
available,113
services,113
wages,112
//np,112
housing,111
rights,111
lower,110
dollars,109
company,108
robots,108
interest,108
companies,107
countries,107
education,107
capacity,105
afford,104
banks,103
cannot,103
technology,103
low,103
